ca,rate
-3.606741573033709, 3.9992197253433197
-1.5393258426966288, 3.784360458517762
-1.5617977528089888, 3.3867041198501866
0.752808988764043, 3.360458517761886
0.5280898876404496, 2.84980422199523
0.6853932584269646, 3.000822835092496
1.0449438202247183, 2.9049909204403566
1.33707865168539, 2.5631596867551902
2.0786516853932593, 2.485061287027577
2.797752808988763, 2.596427760753601
2.93258426966292, 2.292971853365108
3.0449438202247148, 2.2926171830666178
